,school_years,mortality_5,poverty_percentage,ferr_rate
0,12.2415,9.9001,0.1,20.942
1,11.65449,11.2034,0.1,20.909
2,10.62825,15.8165,0.0,18.545
3,10.20986,20.0961,0.1,18.869
4,9.9026,24.5301,0.2,13.217
5,9.72404,32.5812,0.1,21.756
6,12.79765,26.728,0.2,11.134
7,9.34072,43.2981,1.1,19.071
8,9.20554,53.8403,0.9,28.956
9,8.73425,137.5556,4.1,168.701
10,13.05926,13.7628,0.3,69.167
11,13.13686,14.2387,0.3,68.719
12,13.15355,14.7288,0.3,68.264
13,13.16878,15.2324,0.3,67.064
14,13.08341,15.7498,0.5,66.695
15,12.94275,16.2839,0.6,66.149
16,12.85074,16.836,0.7,66.424
17,12.80836,17.405,0.8,64.07
18,12.76368,17.9926,0.9,64.877
19,12.91562,18.6,1.3,62.62
20,12.86104,19.2287,1.9,60.281
21,13.05219,19.8783,4.9,63.078
22,13.05946,20.5565,4.5,64.0
23,12.94942,21.2533,2.7,66.54
24,12.64875,21.967,2.4,68.268
25,11.67584,22.7122,2.1,69.307
26,11.35149,23.4818,2.2,70.424
27,11.71451,24.277,2.7,71.39
28,11.27255,25.9334,1.4,73.516
29,11.29626,28.5673,0.6,71.979
30,11.07268,32.2809,0.9,70.728
31,10.93545,33.274,1.1,71.527
32,10.30493,41.4775,0.2,76.784
33,9.83759,19.3217,0.2,28.266
34,9.5941,20.3641,0.2,25.22
35,9.99188,21.469,0.3,24.544
36,9.61203,22.6388,0.3,24.607
37,9.3033,23.8406,0.6,29.062
38,9.04959,25.1348,1.2,31.569
39,9.16626,29.245,3.0,32.841
40,9.50052,32.2936,2.8,41.327
41,15.0429,4.8369,0.3,16.622
42,14.91103,5.0524,0.3,17.776
43,16.1847,5.7318,0.4,15.913
44,16.46185,5.8962,0.8,15.998
45,16.31681,6.1375,0.6,17.238
46,15.31357,7.0528,0.6,19.797
47,11.85206,3.7031,0.1,7.947
48,11.80397,3.803,0.2,8.462
49,11.70861,3.8154,0.4,9.054
50,11.72465,4.2802,0.3,9.606
51,11.78457,4.7465,0.4,10.434
52,11.8759,4.5993,0.5,10.712
53,11.8907,4.5061,0.2,11.382
54,11.95632,4.3318,0.3,11.46
55,12.00858,4.4749,0.0,12.213
56,11.99161,5.0048,0.1,13.004
57,11.93761,5.1672,0.1,13.758
58,11.93975,5.5639,0.3,13.662
59,12.0601,5.6839,0.0,14.06
60,12.0387,5.3837,0.1,13.395
61,11.9821,5.916,0.0,13.868
62,12.54158,5.7109,0.0,14.465
63,12.568,6.2364,0.0,15.97
64,12.6419,6.5856,0.0,17.743
65,12.66341,7.5972,0.1,19.933
66,9.10082,93.9572,3.5,44.668
67,8.61983,49.126,3.2,112.165
68,8.09313,64.5415,4.6,121.664
69,5.26445,159.2746,10.4,183.742
70,4.77032,179.3059,6.8,193.189
71,4.92506,189.7957,9.3,202.564
72,11.40051,4.3249,0.0,20.613
73,11.27442,4.5754,0.0,23.005
74,11.32726,4.8578,0.0,23.588
75,11.32597,5.1929,0.0,22.39
76,11.42331,5.5934,0.0,22.382
77,11.59551,6.0764,0.0,24.058
78,11.62133,6.6463,0.0,23.221
79,10.10952,14.4743,5.6,30.466
80,15.7975,4.0419,0.1,7.448
81,15.6052,4.2831,0.1,7.825
82,12.59237,4.5706,0.1,9.088
83,12.57784,4.1967,0.1,9.937
84,12.53589,4.4532,0.1,10.265
85,12.54159,4.4036,0.1,10.675
86,12.58235,4.591,0.1,10.672
87,12.62541,4.9996,0.1,10.708
88,12.60763,4.9914,0.1,10.689
89,12.53702,4.776,0.1,10.783
90,12.51309,4.7009,0.0,10.907
91,15.48593,5.1934,0.2,10.957
92,14.97388,6.0474,0.3,11.915
93,14.57707,7.4263,0.4,10.083
94,12.11009,9.4652,0.8,12.167
95,12.18243,10.7143,0.5,11.955
96,11.85355,11.4329,0.2,13.136
97,11.08803,24.4136,8.4,101.826
98,11.17411,30.4096,5.8,112.111
99,10.45177,106.6109,19.8,93.653
100,7.84222,127.4107,18.2,115.528
101,12.09569,37.5613,0.3,33.867
102,10.20837,50.3546,1.1,47.613
103,11.90507,6.9163,0.0,12.464
104,11.38206,78.0664,11.1,63.077
105,10.03597,57.254,13.1,91.278
106,8.46628,55.1384,17.4,125.627
107,12.62971,16.7161,1.3,62.936
108,11.89582,17.2351,1.7,63.675
109,11.98048,17.9766,2.2,65.23
110,12.07159,19.5549,2.4,67.881
111,12.12444,20.6304,2.5,69.789
112,11.85585,21.8355,3.2,73.105
113,12.4904,24.7863,3.7,77.864
114,12.63781,26.5274,4.2,78.351
115,12.84542,28.3953,4.9,78.704
116,13.70452,30.3714,4.4,81.978
117,11.74548,8.9879,0.5,41.998
118,11.64773,9.1073,0.8,42.783
119,11.32751,9.5065,0.8,43.328
120,11.39373,9.9466,1.0,42.701
121,11.29846,10.9509,0.7,43.958
122,11.21279,11.0726,0.3,48.187
123,11.26385,10.6876,0.4,45.629
124,11.31624,11.3466,0.7,43.433
125,11.22839,12.0438,2.7,41.696
126,7.54627,105.0121,9.5,127.006
127,6.08703,127.8145,18.2,128.047
128,3.83418,166.7951,22.1,130.013
129,2.83643,198.2376,46.7,140.104
130,10.42702,75.4534,25.2,65.349
131,7.12463,117.9169,27.3,77.066
132,4.34384,172.4607,31.3,77.095
133,10.87668,92.2237,8.3,119.042
134,8.30195,120.8103,9.3,130.278
135,8.13178,140.7005,6.9,141.754
136,12.63058,5.7486,0.1,11.665
137,12.52148,5.478,0.1,12.556
138,12.1024,5.5708,0.1,13.02
139,12.06521,5.7989,0.1,13.964
140,12.09901,5.6175,0.1,14.636
141,12.00661,5.8611,0.1,14.606
142,12.02785,5.9757,0.1,14.163
143,12.00339,5.9072,0.1,13.66
144,11.88676,6.2646,0.2,13.475
145,12.11105,5.9394,0.1,17.452
146,12.10347,6.2594,0.2,19.119
147,12.26672,6.2287,0.2,20.158
148,12.43365,6.6343,0.2,22.72
149,12.35157,7.1242,0.7,24.651
150,12.38958,7.5047,0.8,25.47
151,12.3632,7.4456,1.1,25.498
152,12.30434,7.221,0.7,26.245
153,12.26922,7.6108,1.2,26.658
154,12.1655,8.3011,1.0,27.61
155,12.15369,8.792,1.2,26.626
156,12.12049,8.8464,0.5,24.576
157,12.09116,8.9748,0.5,23.95
158,12.08827,9.6352,0.9,24.111
159,12.06484,9.6814,0.4,24.875
160,12.02982,10.0257,0.5,26.021
161,11.78954,11.1059,0.5,28.062
162,11.21678,11.684,0.6,27.769
163,11.22946,13.3102,0.9,29.009
164,11.32109,15.012,1.0,32.543
165,11.35289,17.3981,1.2,35.468
166,4.08733,176.5095,56.2,162.736
167,7.17504,144.2685,14.3,182.405
168,5.52139,174.0754,23.2,195.725
169,11.97568,7.7408,0.2,48.368
170,11.71218,8.5687,0.3,52.145
171,12.03447,9.1428,0.6,54.403
172,12.39214,8.9198,0.7,52.213
173,12.02223,9.686,2.1,51.278
174,11.83172,11.1966,2.2,61.305
175,11.25423,12.7788,1.7,67.308
176,11.99892,16.7261,2.0,70.155
177,11.07536,19.3895,3.6,68.178
178,11.76064,11.6083,0.4,16.39
179,12.11457,12.5414,0.5,16.013
180,11.91031,13.5483,2.0,16.256
181,11.74723,14.6391,2.5,15.488
182,11.56174,15.8641,3.6,15.908
183,11.12496,18.9177,5.1,15.141
184,9.22,31.5852,12.4,12.814
185,8.94214,45.7209,15.9,14.217
186,8.79305,50.9708,24.1,21.184
187,8.62332,53.7737,28.3,30.986
188,11.60201,16.0617,2.1,72.843
189,11.84855,16.581,2.3,75.843
190,11.79634,17.1791,2.5,77.554
191,12.23978,17.9139,2.5,77.638
192,12.33135,18.4913,3.0,77.996
193,12.44666,18.9484,3.6,79.433
194,12.12739,19.5895,4.4,81.029
195,11.39394,21.5717,3.7,85.791
196,10.96767,22.1979,4.0,87.94
197,10.411,23.7105,5.1,91.952
198,10.25454,25.2422,11.3,94.675
199,10.22581,26.2437,11.5,94.957
200,9.65887,28.8525,9.5,93.528
201,8.82539,33.2524,4.9,96.149
202,9.48168,96.7048,4.2,90.886
203,12.49052,9.3238,0.6,58.971
204,12.31861,9.611,0.6,62.31
205,12.14771,9.949,0.6,65.567
206,12.08945,10.248,0.7,64.909
207,11.98828,10.636,0.7,65.123
208,11.88617,10.7893,1.1,67.674
209,11.50477,10.982,1.0,69.868
210,11.37757,11.1806,0.7,67.813
211,11.39225,11.2119,1.3,66.242
212,10.97371,11.3682,1.2,66.38
213,11.05138,11.5311,1.8,68.081
214,10.26597,12.172,2.2,71.194
215,10.32385,12.5606,2.3,76.014
216,10.00061,13.0853,3.3,82.104
217,10.27027,13.6494,3.1,84.734
218,9.51725,14.0822,2.5,84.553
219,9.05571,14.4205,3.2,86.829
220,9.07367,14.8905,4.4,86.713
221,9.07098,14.8553,3.9,87.957
222,8.97935,15.0358,3.7,89.608
223,8.90659,15.326,4.7,90.734
224,8.82206,15.6291,5.0,91.175
225,8.66035,16.243,6.0,91.915
226,8.5121,16.8401,5.5,93.687
227,8.4371,17.7324,5.9,95.673
228,8.292,21.1778,6.0,98.485
229,8.61215,30.303,11.3,97.981
230,11.93106,5.5169,0.5,10.218
231,11.8486,4.8005,0.5,11.138
232,11.76093,5.512,0.4,11.725
233,11.76877,5.2786,0.9,12.58
234,11.77092,6.4969,0.6,13.726
235,11.86892,2.938,0.1,5.293
236,11.83837,3.0139,0.0,5.364
237,11.70095,3.1172,0.0,6.033
238,11.6168,3.2407,0.0,5.98
239,11.58446,3.3774,0.0,6.133
240,12.20443,3.5316,0.1,6.116
241,12.08906,3.7076,0.0,6.257
242,11.99661,3.9127,0.0,5.922
243,11.93518,4.168,0.0,6.817
244,11.83192,4.4794,0.0,7.277
245,11.73732,4.8271,0.1,8.235
246,14.89236,4.5651,0.1,3.834
247,14.94387,4.0641,0.3,4.247
248,14.61132,3.9228,0.0,4.499
249,14.534,3.9807,0.0,4.643
250,13.28161,3.8881,0.0,5.022
251,13.19947,3.6581,0.1,5.444
252,13.19775,4.6829,0.1,5.835
253,13.26284,4.7396,0.0,5.592
254,13.25888,4.4622,0.0,5.714
255,13.42805,5.0695,0.1,5.521
256,13.45548,5.257,0.2,5.594
257,13.33384,6.1713,0.0,8.169
258,12.85844,6.2335,0.0,9.461
259,12.35243,8.0238,0.5,10.203
260,12.30697,10.3496,0.5,9.839
261,6.53217,70.0855,8.4,24.107
262,6.42378,72.2593,8.4,24.386
263,3.41512,96.1047,6.9,31.0
264,10.79346,34.9712,0.8,97.477
265,10.88486,34.9879,0.8,100.151
266,10.8133,35.0428,1.0,106.089
267,10.9461,35.3283,1.0,109.026
268,11.06019,35.1334,0.9,109.433
269,11.31162,35.2779,1.2,104.701
270,11.14294,35.4434,1.5,105.496
271,11.49055,35.9105,1.7,102.863
272,10.64891,36.3817,2.3,103.28
273,10.53387,38.4423,3.6,105.859
274,11.14347,38.988,2.6,110.884
275,10.645,42.0292,2.4,112.23
276,10.28519,75.3531,2.3,103.871
277,13.1338,15.946,0.8,80.124
278,13.16359,16.6086,1.0,84.146
279,12.17905,17.3767,1.5,90.001
280,12.07783,18.1327,1.8,91.278
281,11.99924,19.0087,1.9,91.858
282,10.76463,21.6489,3.2,89.208
283,10.58674,22.5587,2.8,87.164
284,10.46031,23.4383,4.5,86.874
285,10.30025,24.3833,6.2,87.349
286,10.31495,25.4429,5.8,88.523
287,10.23153,29.5908,11.7,88.773
288,10.21706,31.3178,9.8,91.5
289,11.56521,16.1092,0.8,70.115
290,11.55019,16.8037,0.9,70.62
291,11.64762,17.5868,1.1,70.643
292,11.64163,18.5905,1.3,70.951
293,11.57363,19.4296,1.6,70.912
294,11.48111,20.913,2.0,72.071
295,11.49441,21.5762,2.0,73.788
296,12.15198,22.6155,1.3,76.217
297,11.65685,23.8251,2.2,77.46
298,11.67184,25.4365,4.3,80.265
299,11.51949,26.5497,5.2,82.695
300,11.26385,28.4953,8.0,86.67
301,10.96831,29.6611,6.6,92.917
302,10.73174,32.5268,6.3,100.786
303,10.55446,33.1972,5.4,107.896
304,10.22422,35.1933,9.3,113.604
305,10.36332,38.223,11.6,118.018
306,8.38563,62.7512,10.8,122.632
307,8.50389,77.1678,11.2,123.41
308,12.38256,3.4181,0.6,16.371
309,12.37463,4.5837,0.4,16.332
310,12.37268,4.1266,0.6,17.428
311,12.36402,5.1062,0.4,19.482
312,12.27206,5.1495,0.3,22.74
313,12.21536,6.5808,0.2,25.163
314,12.14637,6.5447,0.3,25.84
315,12.09255,6.3049,0.5,23.587
316,12.11855,8.1658,0.3,22.504
317,11.98926,8.7803,0.6,22.436
318,11.90821,9.4418,1.3,22.042
319,7.82389,82.1373,8.1,100.744
320,5.60519,115.4183,7.6,135.105
321,3.86969,147.9981,17.5,153.005
322,2.45896,172.1933,27.9,152.086
323,12.54494,23.8886,0.1,40.989
324,12.12643,22.3735,0.3,40.954
325,14.45893,2.7079,0.0,7.254
326,14.37654,2.2141,0.1,7.475
327,12.43856,3.0232,0.0,7.648
328,12.40673,2.977,0.0,7.806
329,12.38858,2.9116,0.0,8.295
330,12.39004,3.1549,0.0,8.32
331,12.45559,3.3453,0.0,8.491
332,12.51955,3.516,0.0,8.735
333,12.55906,3.3432,0.1,9.133
334,12.6012,4.1684,0.0,9.921
335,12.56388,4.1695,0.0,10.495
336,13.9007,3.9546,0.0,10.624
337,13.63575,4.3912,0.0,9.699
338,12.95816,4.8384,0.0,9.919
339,12.79245,6.9259,0.0,11.478
340,12.4974,7.5138,0.0,12.536
341,13.03914,4.1154,0.0,9.074
342,13.06521,4.28,0.0,9.397
343,13.13173,4.152,0.0,10.038
344,13.15945,4.0149,0.0,10.331
345,13.18221,4.2643,0.0,10.668
346,13.20338,4.52,0.0,10.784
347,13.25832,4.5084,0.0,10.953
348,13.2733,4.4452,0.0,10.851
349,13.26325,4.6119,0.0,10.966
350,13.27225,4.4719,0.0,10.938
351,12.68978,4.866,0.0,11.054
352,12.73663,5.0649,0.1,11.034
353,12.73144,5.0939,0.0,11.451
354,12.77822,5.5769,0.0,12.174
355,12.87138,5.5701,0.0,11.913
356,12.96341,5.4147,0.0,10.893
357,12.97952,5.6716,0.0,9.981
358,13.07647,5.877,0.0,9.257
359,13.16405,5.9489,0.0,9.328
360,12.34133,8.9283,0.0,12.71
361,11.53651,10.4296,0.2,17.51
362,11.38457,12.6264,0.1,24.165
363,11.31811,16.0978,0.1,33.589
364,12.92271,10.922,1.6,51.365
365,12.77552,11.4526,2.1,50.671
366,11.79951,15.5942,3.7,57.28
367,11.01497,17.2581,3.6,51.144
368,10.8572,19.1769,4.2,46.148
369,10.19188,21.3297,3.8,46.049
370,9.82748,23.7085,4.0,48.087
371,9.69129,26.2672,3.8,42.033
372,9.4008,28.9187,4.0,40.818
373,9.29125,31.5839,3.8,39.468
374,9.34069,34.2029,7.8,38.631
375,9.36984,36.6641,8.1,45.439
376,9.2799,38.9015,7.6,53.7
377,9.01715,42.6786,6.7,64.727
378,8.86744,44.106,1.4,71.712
379,13.20083,3.8463,0.0,8.114
380,13.18768,3.9438,0.0,8.075
381,13.20896,3.9213,0.0,8.546
382,13.25526,4.2764,0.0,8.996
383,13.30749,4.1706,0.0,9.687
384,13.28192,4.2309,0.0,9.948
385,13.35246,4.2678,0.0,10.564
386,13.40616,4.6968,0.0,10.674
387,13.5184,4.5253,0.0,10.721
388,13.37219,4.6825,0.0,10.954
389,13.38012,4.9669,0.0,11.329
390,13.34731,5.0752,0.0,11.995
391,13.35247,5.0931,0.0,12.894
392,13.34266,5.2118,0.0,13.649
393,13.29488,5.3149,0.0,13.698
394,13.18334,5.4742,0.0,12.249
395,13.17445,5.6521,0.0,11.968
396,13.65318,5.9717,0.0,12.505
397,13.56813,6.16,0.0,12.554
398,13.48121,6.5202,0.2,12.398
399,13.42126,6.8349,0.1,13.096
400,13.33142,7.1153,0.0,14.664
401,13.06328,7.4464,0.0,16.719
402,13.02847,8.0627,0.0,19.012
403,10.87935,62.7948,8.3,68.453
404,8.371,82.9726,16.1,77.287
405,6.94565,138.37,21.5,108.34
406,6.86915,144.3088,22.0,112.533
407,12.33568,4.1284,0.3,8.035
408,12.26894,4.0251,0.6,8.505
409,12.13904,3.9618,0.9,9.469
410,12.25016,3.9305,0.7,10.453
411,11.657,4.112,0.4,10.661
412,11.79478,4.3235,0.3,10.742
413,11.83944,4.5821,0.2,10.287
414,11.62059,4.8756,0.5,10.889
415,11.57136,5.2049,0.4,11.208
416,11.20645,6.4094,0.4,9.877
417,11.31853,8.5155,1.1,13.435
418,9.499,29.4424,2.7,81.595
419,9.41413,40.9307,3.9,90.832
420,8.0299,52.114,3.5,109.177
421,7.10879,56.9252,5.3,112.566
422,5.68447,95.7669,24.2,114.993
423,7.98757,113.0438,6.6,140.306
424,5.74883,151.1283,20.7,152.832
425,3.29759,206.9302,14.6,162.901
426,2.99133,226.13,56.6,162.369
427,9.95633,20.1067,4.3,79.562
428,10.20192,20.8664,5.2,81.681
429,10.40043,21.6365,6.8,84.451
430,10.60764,22.5781,5.5,86.963
431,10.61694,23.8819,4.7,89.482
432,10.14937,25.7537,6.0,94.706
433,10.00009,26.7477,5.9,97.358
434,10.24637,27.9636,9.9,101.141
435,8.29087,52.0687,8.0,131.099
436,8.14726,55.3185,12.2,128.341
437,12.44115,5.4253,0.5,24.276
438,12.47004,5.8287,0.0,22.217
439,12.12908,5.6773,0.2,20.211
440,12.09176,5.8839,0.0,18.444
441,12.07279,5.9885,0.0,18.6
442,11.93355,5.9683,0.0,20.017
443,11.82404,6.6041,0.0,20.376
444,11.70805,6.9931,0.0,19.76
445,11.68928,7.1294,0.1,19.967
446,11.6611,7.592,0.4,20.392
447,11.61207,7.8712,0.1,21.365
448,14.69137,2.539,0.0,10.787
449,14.49452,1.743,0.1,11.257
450,14.57469,2.7475,0.1,12.881
451,14.52036,2.9177,0.1,14.028
452,14.57009,3.6,0.0,14.078
453,14.50835,2.8828,0.0,13.664
454,14.53101,3.3639,0.1,12.976
455,14.50001,3.7195,0.0,13.125
456,14.42651,3.7379,0.1,13.6
457,15.02721,3.6691,0.0,16.159
458,10.03977,54.9372,4.6,36.935
459,9.63485,61.2757,7.5,41.494
460,7.8623,115.9724,12.8,123.529
461,7.0038,137.7331,14.5,125.57
462,6.71214,153.7075,17.8,145.902
463,6.10864,184.6106,21.8,137.853
464,11.31256,28.811,1.5,40.797
465,11.34091,29.9974,1.8,43.219
466,11.34168,31.1914,2.3,44.762
467,11.25705,32.4607,2.9,45.537
468,11.11155,33.8431,3.5,45.847
469,10.97268,35.2244,4.3,45.899
470,10.6277,36.6653,5.3,47.016
471,10.77083,38.272,5.7,47.631
472,10.11685,40.0891,7.5,47.363
473,10.07292,41.6301,5.3,47.849
474,10.23991,49.7113,6.3,48.246
475,10.17922,45.4216,5.4,51.032
476,10.03243,47.4818,5.3,52.425
477,9.92987,49.734,9.2,54.091
478,9.83254,52.07,10.7,54.557
479,9.94838,54.5265,11.8,55.509
480,9.90711,57.1809,24.6,57.393
481,9.64192,62.8271,15.1,61.394
482,9.2516,72.6353,20.2,65.69
483,9.65591,83.5193,20.5,74.708
484,9.95759,94.6542,28.5,83.571
485,9.25317,105.7116,30.3,100.378
486,14.47424,3.9004,0.1,11.332
487,14.42116,4.0095,0.4,12.403
488,14.56481,4.3095,0.4,14.665
489,14.45713,4.1852,0.4,15.939
490,14.29699,4.717,0.1,16.533
491,14.21161,4.2646,0.1,16.909
492,14.02103,4.6775,0.1,16.387
493,13.9729,4.7181,0.0,16.689
494,13.92655,5.4657,0.0,17.568
495,13.77771,6.2526,0.1,18.854
496,13.59687,6.4153,0.1,19.449
497,13.38027,7.0569,0.0,19.615
498,11.29868,7.3975,0.1,15.842
499,11.34035,7.535,0.1,14.338
500,11.29791,6.9535,0.1,14.375
501,10.80581,9.349,0.3,15.311
502,12.3957,3.9962,0.2,9.919
503,12.39175,4.001,0.2,10.263
504,12.42899,4.4327,0.3,11.518
505,12.42707,4.476,0.2,12.449
506,12.40377,4.6687,0.1,13.367
507,12.32262,4.8325,0.2,13.732
508,12.35251,5.1789,0.2,14.142
509,12.47434,5.372,0.2,14.136
510,12.47949,5.8023,0.1,14.445
511,12.52153,6.1088,0.4,15.096
512,12.5956,6.4095,0.3,15.683
513,12.6665,7.2451,0.2,16.288
514,12.72506,7.8066,0.3,16.348
515,12.60699,7.5258,0.0,16.741
516,11.55944,12.5742,0.0,19.24
517,11.26816,16.2369,0.1,22.063
518,10.90609,21.3584,0.0,38.723
519,13.25974,3.4449,1.1,5.954
520,13.17516,3.5106,0.8,6.503
521,13.29524,3.5979,0.9,6.653
522,13.28086,3.7481,0.9,6.867
523,13.18954,3.9976,0.6,7.051
524,13.20431,3.9523,0.5,7.188
525,13.12184,3.8865,0.5,6.811
526,13.02622,4.0812,0.5,6.836
527,12.92044,4.2077,0.5,7.017
528,12.87194,4.4874,0.5,7.251
529,12.89556,4.4303,0.5,7.062
530,12.53592,5.3112,1.1,7.26
531,12.2837,6.2168,1.4,6.359
532,12.01277,7.339,0.5,7.361
533,11.69576,8.4255,0.8,8.257
534,11.41814,9.6545,0.2,8.565
535,11.20469,9.7239,0.0,9.517
536,11.04482,11.0822,1.0,10.196
537,10.99259,11.1438,0.1,11.04
538,10.40318,20.3251,0.3,68.767
539,10.1257,21.2395,0.5,70.518
540,10.10159,22.879,0.5,83.9
541,10.59101,27.7057,1.9,103.286
542,10.72118,32.4842,1.3,113.342
543,12.20877,2.8791,0.2,4.371
544,12.22191,3.2147,0.0,4.561
545,12.12512,3.4611,0.2,5.122
546,10.81099,19.8603,0.0,36.014
547,11.44735,20.9896,0.0,34.715
548,11.70655,22.2784,0.0,33.616
549,11.69243,24.9904,0.0,34.325
550,10.98764,33.2216,0.1,51.283
551,11.01854,41.8765,0.0,60.986
552,11.86711,11.8808,0.0,31.948
553,11.7386,13.0623,0.0,35.737
554,11.52669,14.5616,0.0,35.086
555,11.48203,16.3555,0.0,32.812
556,11.3448,18.3313,0.0,30.574
557,11.23082,20.443,0.0,29.575
558,11.08853,28.9572,0.2,28.091
559,9.54084,76.1643,12.9,109.26
560,11.78269,64.6116,3.7,41.862
561,12.6507,4.9851,0.4,18.532
562,12.52644,5.6146,0.6,19.033
563,12.0401,7.3512,0.5,19.581
564,12.04715,7.5321,0.5,18.932
565,12.05513,6.9538,0.8,18.227
566,11.95896,8.8031,1.0,20.555
567,12.2762,8.9304,0.6,23.296
568,12.07439,10.2502,0.4,22.715
569,11.99756,9.9385,0.8,21.881
570,12.00573,10.2185,1.2,19.797
571,11.80568,11.395,1.3,19.111
572,10.80094,9.7427,0.0,21.751
573,10.34281,110.662,36.0,79.977
574,9.64924,88.9226,31.2,80.669
575,9.30072,93.4296,27.3,93.037
576,9.21984,93.8588,6.4,141.714
577,12.54401,4.9554,0.7,14.045
578,12.40936,4.7479,0.5,14.609
579,12.08431,5.3357,0.7,15.209
580,12.02128,5.8118,0.5,14.959
581,12.05523,6.3346,1.0,14.37
582,12.03726,6.8989,1.2,16.594
583,12.04798,7.2067,0.9,18.993
584,12.06987,8.5213,0.8,19.37
585,12.05256,9.4941,0.7,20.234
586,12.14574,8.7464,0.9,19.729
587,12.28193,10.0058,1.3,19.776
588,12.93496,5.014,0.1,5.806
589,12.83984,3.5333,0.0,6.445
590,12.8812,4.2664,0.1,6.746
591,12.9673,4.2654,0.0,7.353
592,12.87697,3.3673,0.0,8.543
593,12.87958,3.1513,0.0,9.733
594,12.83378,4.3959,0.0,10.384
595,12.75499,6.2179,0.0,11.047
596,12.74538,5.9139,0.0,11.155
597,12.73851,6.457,0.0,11.069
598,12.79582,6.6733,0.0,11.816
599,12.84815,7.4798,0.0,12.021
600,12.8111,8.2003,0.0,12.264
601,12.80181,6.9039,0.0,10.95
602,12.02935,8.863,0.0,9.77
603,11.97919,7.2895,0.0,9.579
604,11.84545,9.2319,0.0,10.153
605,11.45806,8.0232,0.0,10.652
606,11.40582,9.3123,0.0,11.78
607,10.46664,12.3057,0.0,12.978
608,10.56023,13.273,0.0,11.474
609,10.61119,13.2476,0.0,11.02
610,10.11547,64.8764,42.6,135.663
611,8.83305,84.9226,32.9,140.649
612,7.68453,172.3435,19.5,154.246
613,10.4594,83.9994,30.7,142.439
614,9.6162,119.3369,27.9,156.652
615,11.38426,7.985,0.0,13.825
616,10.86289,8.0167,0.0,14.129
617,10.65526,8.1047,0.1,13.559
618,10.80521,8.1503,0.2,12.349
619,10.76771,8.5503,0.3,13.424
620,9.66876,13.3932,0.3,16.597
621,9.61912,15.1207,0.2,19.064
622,9.53188,17.4443,0.3,19.45
623,9.70657,19.3225,0.4,20.688
624,9.46488,23.0947,0.7,26.648
625,11.73007,30.6634,1.5,21.535
626,7.02439,135.7353,14.7,171.787
627,6.18501,151.4747,17.1,180.172
628,2.75454,217.1232,51.4,179.782
629,11.83209,5.7629,0.0,13.031
630,11.60066,7.6165,0.0,13.639
631,11.46866,7.3148,0.0,16.102
632,11.40748,7.868,0.1,17.618
633,12.31161,6.7608,0.1,17.938
634,12.45347,9.9139,0.1,18.606
635,12.6515,8.3497,0.2,16.985
636,12.65555,6.639,0.2,17.485
637,8.21816,75.381,1.6,83.832
638,6.87607,89.36,3.0,95.516
639,6.98153,96.7935,4.7,91.69
640,6.26642,99.4262,6.0,92.364
641,5.37942,100.1168,6.6,105.585
642,4.53366,100.537,14.5,108.123
643,3.83149,114.0504,18.0,111.486
644,12.53809,14.9336,0.1,30.664
645,12.36191,15.4482,0.1,34.615
646,11.75045,16.7583,1.1,72.893
647,11.48129,17.9243,1.2,76.744
648,11.28674,19.1864,1.6,75.329
649,11.19459,20.544,1.7,74.09
650,11.03949,22.0785,1.2,71.176
651,11.00878,22.9582,2.1,72.534
652,11.0311,23.8528,2.0,72.839
653,10.82958,25.9212,2.0,72.706
654,10.64593,28.3504,2.8,73.673
655,10.36452,31.1305,4.3,74.451
656,10.11924,34.2122,7.2,76.705
657,9.86977,37.5939,2.3,80.154
658,9.73685,41.3198,2.0,81.902
659,10.04132,47.5798,3.3,82.82
660,11.45329,20.3849,0.0,28.715
661,11.52786,26.2751,0.2,21.358
662,8.6341,53.6289,2.7,21.496
663,7.4835,73.2214,8.6,29.224
664,6.95766,86.6396,3.4,34.294
665,12.03723,3.7985,0.2,11.293
666,12.0713,5.6944,1.2,13.72
667,9.40624,39.0632,0.8,30.367
668,7.87669,51.9382,1.7,35.495
669,7.05275,56.5966,1.9,37.802
670,6.00128,80.178,0.7,44.386
671,6.37997,108.4849,3.0,58.659
672,8.7701,88.2739,29.4,176.075
673,9.01215,112.7761,33.0,161.441
674,6.62225,152.4648,41.8,168.149
675,11.3361,74.3111,12.2,77.086
676,10.47834,30.1756,0.2,77.157
677,11.24571,46.0472,1.6,78.3
678,9.04032,66.6497,11.5,112.962
679,7.84357,106.1041,17.4,124.746
680,14.15792,4.1906,0.0,3.626
681,14.25508,4.2289,0.0,3.955
682,14.23346,4.3321,0.0,4.549
683,14.26406,4.1204,0.1,4.891
684,13.9419,4.5065,0.0,5.174
685,13.86138,4.5734,0.1,5.287
686,13.83996,4.6006,0.1,5.158
687,13.74663,4.7794,0.0,5.114
688,13.64845,5.2645,0.0,5.241
689,13.62583,5.8031,0.1,5.708
690,13.63168,5.2496,0.1,6.182
691,13.91743,6.3062,0.2,6.766
692,12.91414,7.5752,0.7,7.42
693,12.92728,8.8564,0.6,8.729
694,12.82714,9.3245,0.2,6.817
695,11.42232,10.2796,0.4,7.692
696,10.78651,29.8556,2.5,104.654
697,9.45281,36.4696,6.1,112.328
698,8.236,50.5981,11.2,117.641
699,8.14623,60.1697,19.0,138.304
700,5.58354,98.4801,18.1,175.058
701,4.99283,114.8701,19.2,185.124
702,3.9183,149.8119,34.7,201.041
703,3.62797,171.4435,40.9,203.844
704,2.14433,318.0606,40.3,201.358
705,7.82726,135.6959,10.3,123.402
706,8.40369,208.2037,18.4,152.632
707,13.72306,2.8827,0.1,5.023
708,13.78439,2.9364,0.1,5.517
709,13.63356,3.0186,0.1,6.058
710,13.75306,2.865,0.1,7.07
711,13.76185,3.255,0.1,8.388
712,13.68467,3.7391,0.0,9.368
713,13.77408,3.4044,0.1,9.2
714,13.82452,3.6978,0.1,8.772
715,13.80867,3.915,0.1,8.317
716,13.78032,3.9044,0.2,7.729
717,13.91625,4.0364,0.2,7.944
718,13.81893,4.4479,0.1,8.774
719,13.93008,4.8152,0.2,11.712
720,12.87196,5.1024,0.2,13.772
721,12.13967,7.8397,0.2,17.28
722,11.68165,9.5856,0.0,17.976
723,11.49854,10.5242,0.2,26.721
724,7.27247,80.7507,1.1,49.975
725,7.15809,85.1923,1.3,51.115
726,7.29527,87.5406,1.3,54.134
727,6.97287,92.8679,2.3,59.8
728,6.25403,99.0548,3.5,61.913
729,5.926,98.2502,3.9,65.277
730,4.47171,139.8551,23.2,100.516
731,4.28892,147.8517,24.0,105.752
732,10.86128,20.2772,0.6,92.149
733,11.5372,20.7069,1.1,93.25
734,10.68217,21.0898,0.7,93.352
735,10.70913,21.6225,1.0,91.622
736,10.65485,22.0398,0.6,92.85
737,10.65417,22.7648,1.1,91.341
738,10.64801,23.238,2.2,89.135
739,10.5505,23.976,3.9,88.585
740,10.57115,24.6573,3.2,90.582
741,10.64617,25.5005,3.4,92.801
742,10.68455,26.9613,3.8,90.625
743,10.48882,27.6674,7.2,93.653
744,10.28405,28.3792,6.0,93.293
745,10.1806,29.0441,8.0,94.529
746,9.72301,31.5025,10.5,90.382
747,9.53236,34.4945,13.2,93.253
748,9.55,37.4612,15.6,99.171
749,10.36378,50.4868,1.1,114.109
750,11.01204,24.5811,0.9,76.649
751,10.38454,25.4023,1.6,76.45
752,10.32352,26.1766,1.7,76.263
753,10.2949,26.9493,1.7,76.455
754,10.36807,27.7488,1.3,75.844
755,10.43491,28.5248,2.4,74.661
756,10.58378,29.2752,2.4,75.196
757,10.80517,30.0437,2.0,75.106
758,10.83986,30.7851,1.7,76.36
759,10.87913,31.5605,2.7,77.101
760,11.37498,32.3251,5.0,76.158
761,11.33969,33.1043,3.3,77.586
762,10.92474,34.6652,4.1,81.046
763,9.82351,36.4068,4.5,83.468
764,9.45922,38.3605,5.3,90.615
765,8.19437,45.4882,0.3,100.271
766,10.8872,16.3838,1.3,62.668
767,11.09755,17.1426,1.6,63.876
768,10.76775,17.95,1.8,64.994
769,11.20623,18.793,1.9,65.287
770,11.3607,19.8518,2.1,64.919
771,11.34054,20.8827,2.8,66.018
772,11.33374,22.0531,3.6,68.086
773,11.52791,23.5067,4.6,67.859
774,11.43446,24.86,5.7,68.787
775,11.34999,26.4957,6.6,68.491
776,11.35858,28.3194,5.6,68.165
777,11.21922,30.3695,4.8,66.719
778,11.76419,32.7025,6.7,68.76
779,11.74581,35.3015,7.7,70.947
780,11.63253,38.1984,7.3,74.182
781,11.56505,42.1814,8.0,74.175
782,11.41842,45.9598,7.8,75.684
783,10.89881,49.4331,8.2,77.343
784,10.0061,31.9762,2.5,58.592
785,9.62477,33.5299,3.6,52.842
786,9.87559,35.2132,3.3,52.131
787,12.38601,5.3008,0.2,14.263
788,11.88121,5.3831,0.1,14.841
789,11.73936,5.3724,0.1,14.733
790,11.6769,5.6513,0.1,15.979
791,11.61685,6.165,0.1,16.635
792,11.60482,6.6091,0.1,16.563
793,11.62311,6.8482,0.3,15.114
794,11.62645,6.9989,0.3,14.403
795,11.64223,7.4056,0.4,14.105
796,11.53182,7.7358,1.0,14.396
797,13.40119,3.4701,0.2,9.063
798,13.63906,3.5663,0.4,10.254
799,13.11373,3.9192,0.4,11.92
800,13.05848,3.7291,0.2,13.229
801,13.12237,3.2763,0.1,14.358
802,13.16786,4.4256,0.1,15.199
803,13.18405,4.0454,0.1,15.93
804,13.15191,4.2066,0.1,16.669
805,12.89906,4.3017,0.0,17.026
806,12.85077,4.3845,0.3,18.851
807,12.80293,5.0467,0.3,19.723
808,13.27253,5.183,0.5,20.477
809,11.73416,11.731,2.2,37.965
810,11.93532,11.5493,2.0,38.316
811,12.07242,12.6505,1.5,41.957
812,12.04156,13.4468,0.8,48.499
813,11.96637,14.3179,1.4,47.617
814,11.72324,15.3788,1.7,42.254
815,11.40574,17.7097,2.6,40.107
816,10.83589,51.0253,18.7,41.516
817,10.67129,63.867,22.8,43.257
818,9.15508,105.1777,29.3,40.047
819,6.99878,184.9433,36.0,46.857
820,12.0008,20.223,0.4,41.451
821,7.76321,62.1645,14.3,80.87
822,6.37203,92.4193,13.9,91.502
823,5.32339,123.3661,18.2,97.69
824,11.63316,6.8798,4.3,18.805
825,11.63115,7.1741,3.2,18.644
826,11.60012,7.2296,2.9,19.294
827,11.57423,14.4962,0.5,58.776
828,10.28913,148.1603,10.6,136.093
829,5.02261,257.1675,48.0,167.803
830,13.52008,2.4869,0.0,4.966
831,13.68784,3.2867,0.0,4.763
832,12.75529,2.5138,0.0,4.813
833,12.71594,3.5789,0.0,5.164
834,12.71183,3.2295,0.0,5.319
835,12.70891,3.4201,0.0,5.588
836,12.70913,3.7491,0.0,5.614
837,12.73252,3.9855,0.0,5.423
838,12.77753,4.6467,0.0,5.252
839,12.76144,5.5452,0.1,5.915
840,12.71289,5.5349,0.0,5.671
841,10.63908,24.9142,7.3,64.994
842,8.40388,29.2913,20.1,65.94
843,11.67107,41.7828,6.9,83.046
844,11.25044,53.098,5.5,67.824
845,11.31507,67.3603,5.4,70.671
846,11.44448,78.2201,9.3,56.003
847,11.75351,68.8272,14.3,65.691
848,13.7588,3.3641,0.5,8.073
849,13.79488,3.2024,0.7,8.381
850,13.76092,3.5724,0.6,9.079
851,13.67158,3.6871,0.9,9.757
852,13.51541,3.8328,0.5,10.888
853,13.28184,3.8543,0.6,11.98
854,13.21336,4.0533,0.4,13.372
855,13.09873,4.2199,0.3,13.021
856,12.98085,4.2715,0.6,12.191
857,12.93143,4.5517,0.6,11.565
858,12.80042,4.8327,0.6,11.121
859,12.70027,4.9685,0.6,10.843
860,12.64471,5.397,0.5,9.285
861,12.55666,5.5525,0.4,8.717
862,12.6268,5.8736,0.6,8.046
863,13.1134,6.2635,0.6,7.822
864,13.3001,6.9184,0.9,7.561
865,13.24096,6.7455,0.7,7.701
866,13.16025,7.307,0.7,8.255
867,12.97925,8.0568,0.8,9.081
868,12.2822,9.3937,0.3,11.679
869,11.81761,10.7095,0.0,18.364
870,11.45358,14.4816,0.2,24.885
871,12.90915,10.4634,0.4,22.038
872,11.68559,19.9438,2.2,28.573
873,11.25065,22.8274,2.1,30.326
874,10.31551,30.2121,3.5,36.343
875,6.28011,77.9793,5.2,99.88
876,14.71066,2.6208,0.3,5.37
877,14.5446,3.1231,0.5,5.765
878,11.98874,3.1037,0.4,5.878
879,11.82781,2.5867,0.4,6.253
880,11.97882,3.1479,0.4,6.263
881,12.00104,3.2948,0.3,6.062
882,12.06001,3.0332,0.5,5.953
883,11.99825,3.1601,0.3,5.88
884,11.9849,3.5317,0.3,5.826
885,12.00549,3.267,0.8,5.739
886,12.04786,3.6138,0.3,5.795
887,14.72741,3.9296,0.2,5.974
888,15.08511,4.0959,0.0,6.532
889,15.30954,3.9462,0.0,7.055
890,13.77268,4.6797,0.1,8.847
891,11.524,6.2285,0.0,12.278
892,11.2547,7.4035,0.1,11.266
893,11.06647,7.8683,0.2,13.801
894,10.97191,10.0508,0.3,29.012
895,13.1679,4.4875,0.0,3.061
896,13.12066,4.4918,0.0,3.207
897,12.95217,4.2999,0.0,3.542
898,12.94852,4.3691,0.0,3.627
899,12.90928,4.3992,0.0,4.083
900,12.86612,4.9567,0.0,4.276
901,12.86111,4.5848,0.0,4.417
902,12.83188,4.634,0.0,4.489
903,12.82773,5.1486,0.0,4.674
904,12.79829,5.5311,0.0,5.618
905,13.02765,5.8182,0.0,6.168
906,12.33651,7.7035,0.5,7.827
907,11.65464,9.5588,0.6,9.582
908,9.87922,20.6894,0.2,54.779
909,8.87425,27.7919,0.4,70.476
910,9.8293,44.3938,1.4,45.191
911,9.66169,48.8752,4.5,37.788
912,9.51304,60.0839,5.0,37.585
913,9.52626,65.2195,10.5,38.881
914,8.71586,90.0007,21.2,48.664
915,10.996,11.8998,0.0,49.803
916,11.01081,12.442,0.0,51.549
917,11.03645,13.2277,0.0,52.02
918,10.77621,13.6698,0.0,50.765
919,10.69466,14.2584,0.0,51.274
920,10.55396,14.9219,0.0,51.162
921,10.46958,15.6438,0.1,50.167
922,10.10585,16.4995,0.2,49.294
923,9.92873,19.1185,0.2,46.535
924,9.7342,19.9566,0.3,38.292
925,9.29111,24.3337,0.4,46.547
926,8.75103,27.0137,0.5,48.814
927,8.45733,29.9768,0.8,49.355
928,8.03275,33.2922,1.7,50.434
929,7.63654,37.1252,2.5,51.146
930,7.55369,41.5719,3.7,50.355
931,7.55368,58.0742,5.8,59.946
932,12.92693,51.7956,5.1,39.963
933,9.32281,101.8222,12.3,60.764
934,11.45788,86.3891,26.7,84.963
935,10.351,100.415,24.9,85.456
936,12.71587,14.3967,0.3,21.177
937,12.942,17.1923,0.7,23.819
938,10.62172,29.2702,0.5,56.445
939,11.13765,31.4197,0.0,64.014
940,12.74406,18.4266,0.3,6.999
941,12.56842,22.0699,0.5,6.676
942,12.08736,29.9331,0.8,7.702
943,10.95427,42.7972,2.1,14.295
944,10.08777,55.3742,2.1,18.624
945,9.50513,70.787,3.0,30.968
946,10.73516,81.3183,15.7,133.408
947,10.19015,106.8299,22.4,144.538
948,11.2958,131.677,27.8,158.333
949,5.07075,174.1932,27.2,182.825
950,11.1193,9.3488,0.0,28.32
951,11.14856,9.6437,0.0,28.337
952,11.01557,10.2212,0.0,29.609
953,10.70187,10.7501,0.0,29.72
954,10.63778,11.031,0.0,30.23
955,10.47051,11.3645,0.0,32.642
956,10.4892,12.6787,0.0,32.961
957,10.56084,13.2838,0.0,31.492
958,10.6581,12.8675,0.0,30.502
959,10.79975,13.4288,0.1,29.858
960,10.86502,13.35,0.1,30.018
961,11.20736,14.2557,0.2,29.266
962,11.14905,15.6525,0.5,28.957
963,9.82782,21.808,0.4,61.192
964,9.86937,21.4939,0.9,61.554
965,12.2019,10.0041,0.0,62.924
966,12.15597,10.9842,0.1,64.922
967,12.24315,11.3886,0.1,65.45
968,12.13541,11.8871,0.1,65.588
969,12.38693,12.4833,0.1,65.74
970,12.93982,13.1134,0.1,67.703
971,10.88929,50.3962,37.8,11.836
972,10.07901,60.7181,38.4,20.941
973,11.69079,29.2328,3.6,70.606
